cell,N,s,T,lambda_Nmu,mu,Ns,t_sweep,phi,replicates,seed,p0,p1,e_log,abs_e_log,e_abs,hits,wf_ci_low,wf_ci_high,p0_inside_wf_ci,epsilon
1,100,0.005,5000,0.001,1e-05,0.5,1842.6392401803873,0.36852784803607747,2000,21001,0.005728541008740889,0.0065,0.052708560274356005,0.052708560274356005,0.0007714589912591104,13,0.0038025964940741515,0.011089529172522494,True,0.00025
2,100,0.005,5000,0.005,5e-05,0.5,1842.6392401803873,0.36852784803607747,2000,21002,0.10583595853371904,0.0925,-0.05834398649193736,0.05834398649193736,0.013335958533719036,185,0.08057157812198121,0.10599081541223992,True,0.00025
3,100,0.005,5000,0.02,0.0002,0.5,1842.6392401803873,0.36852784803607747,2000,21003,0.6285391844451897,0.595,-0.023805658890551435,0.023805658890551435,0.033539184445189774,1190,0.5733238432860839,0.6163119177304779,False,0.00025
4,100,0.005,5000,0.05,0.0005,0.5,1842.6392401803873,0.36852784803607747,2000,21004,0.9612995576586837,0.956,-0.002400224253762534,0.002400224253762534,0.005299557658683729,1912,0.9461034732959137,0.9641481795835833,True,0.00025
5,100,0.005,20000,0.001,1e-05,0.5,1842.6392401803873,0.09213196200901937,2000,21005,0.07294253017437476,0.075,0.012039743830252771,0.012039743830252771,0.002057469825625241,150,0.0642536480572273,0.08737584213183769,True,0.00025
6,100,0.005,20000,0.005,5e-05,0.5,1842.6392401803873,0.09213196200901937,2000,21006,0.6285391844451897,0.6115,-0.011931084943642064,0.011931084943642064,0.017039184445189703,1223,0.5899444053845698,0.6326280930717109,True,0.00025
7,100,0.005,20000,0.02,0.0002,0.5,1842.6392401803873,0.09213196200901937,2000,21007,0.9963174404129876,0.994,-0.001011094254717831,0.001011094254717831,0.002317440412987648,1988,0.9895415516630582,0.9965644056230637,True,0.00025
8,100,0.005,20000,0.05,0.0005,0.5,1842.6392401803873,0.09213196200901937,2000,21008,0.9999997083712151,1.0,1.2662113521808017e-07,1.2662113521808017e-07,2.916287848986343e-07,2000,0.9980829527187469,0.9999999999999998,True,0.00025
9,100,0.02,5000,0.001,1e-05,2.0,464.0919390550841,0.09281838781101681,2000,21009,0.03277269299425997,0.0405,0.09131512607359325,0.09131512607359325,0.007727307005740029,81,0.03270494331440327,0.05005682313706816,True,0.00025
10,100,0.02,5000,0.005,5e-05,2.0,464.0919390550841,0.09281838781101681,2000,21010,0.3989032893319054,0.3815,-0.01936066681587673,0.01936066681587673,0.01740328933190538,763,0.3604576198164759,0.40299672038918094,True,0.00025
11,100,0.02,5000,0.02,0.0002,2.0,464.0919390550841,0.09281838781101681,2000,21011,0.9634954773041351,0.948,-0.007039501617813007,0.007039501617813007,0.015495477304135141,1896,0.9373820458455553,0.956900279790442,False,0.00025
12,100,0.02,5000,0.05,0.0005,2.0,464.0919390550841,0.09281838781101681,2000,21012,0.9999078789839426,1.0,3.999949149337356e-05,3.999949149337356e-05,9.212101605737821e-05,2000,0.9980829527187469,0.9999999999999998,True,0.00025
13,100,0.02,20000,0.001,1e-05,2.0,464.0919390550841,0.023204596952754203,2000,21013,0.30266573679626657,0.2845,-0.02685810323028512,0.02685810323028512,0.018165736796266596,569,0.2651544714958926,0.30467177588232724,True,0.00025
14,100,0.02,20000,0.005,5e-05,2.0,464.0919390550841,0.023204596952754203,2000,21014,0.9634954773041351,0.9695,0.002697435279452892,0.002697435279452892,0.006004522695864933,1939,0.9610172880930726,0.9761826045098309,True,0.00025
15,100,0.02,20000,0.02,0.0002,2.0,464.0919390550841,0.023204596952754203,2000,21015,0.9999997696586368,1.0,1.0001099178112309e-07,1.0001099178112309e-07,2.3034136320543297e-07,2000,0.9980829527187469,0.9999999999999998,True,0.00025
16,100,0.02,20000,0.05,0.0005,2.0,464.0919390550841,0.023204596952754203,2000,21016,0.9999999999999998,1.0,9.64327466553287e-17,9.64327466553287e-17,2.220446049250313e-16,2000,0.9980829527187469,0.9999999999999998,True,0.00025
17,300,0.005,5000,0.001,3.3333333333333333e-06,1.5,2285.873134398471,0.4571746268796942,2000,21017,0.0026020726590423797,0.003,0.05672277562681246,0.05672277562681246,0.0003979273409576204,6,0.0013756299236301083,0.006529915073935308,True,0.00025
18,300,0.005,5000,0.005,1.6666666666666667e-05,1.5,2285.873134398471,0.4571746268796942,2000,21018,0.05304991493090469,0.042,-0.1008998025876124,0.1008998025876124,0.011049914930904688,84,0.0340516147420547,0.05170440056757297,False,0.00025
19,300,0.005,5000,0.02,6.666666666666667e-05,1.5,2285.873134398471,0.4571746268796942,2000,21019,0.42128398764947006,0.3435,-0.0885898900430525,0.0885898900430525,0.07778398764947003,687,0.323005811259709,0.36459422453932316,False,0.00025
20,300,0.005,5000,0.05,0.0001666666666666667,1.5,2285.873134398471,0.4571746268796942,2000,21020,0.8594077746603421,0.8105,-0.025438637902750503,0.025438637902750503,0.04890777466034213,1621,0.7927352161406862,0.8270742974976557,False,0.00025
21,300,0.005,20000,0.001,3.3333333333333333e-06,1.5,2285.873134398471,0.11429365671992354,2000,21021,0.03570353334031694,0.0275,-0.11247858973024033,0.11247858973024033,0.008203533340316937,55,0.021188498165677007,0.03562311151510701,False,0.00025
22,300,0.005,20000,0.005,1.6666666666666667e-05,1.5,2285.873134398471,0.11429365671992354,2000,21022,0.42128398764947006,0.4075,-0.014438627169058171,0.014438627169058171,0.013783987649470086,815,0.38616243599921474,0.4291922177478169,True,0.00025
23,300,0.005,20000,0.02,6.666666666666667e-05,1.5,2285.873134398471,0.11429365671992354,2000,21023,0.9698951892421808,0.9565,-0.006038263543074483,0.006038263543074483,0.01339518924218075,1913,0.9466510236907602,0.9645987121414559,False,0.00025
24,300,0.005,20000,0.05,0.0001666666666666667,1.5,2285.873134398471,0.11429365671992354,2000,21024,0.9999433364339237,1.0,2.4603220326485976e-05,2.4603220326485976e-05,5.666356607625378e-05,2000,0.9980829527187469,0.9999999999999998,True,0.00025
25,300,0.02,5000,0.001,3.3333333333333333e-06,6.0,575.7259870755034,0.1151451974151007,2000,21025,0.031695450010928,0.028,-0.05339055819926494,0.05339055819926494,0.003695450010928001,56,0.021625209947844046,0.03618448268565872,True,0.00025
26,300,0.02,5000,0.005,1.6666666666666667e-05,6.0,575.7259870755034,0.1151451974151007,2000,21026,0.3903628415537197,0.3505,-0.046748837091287576,0.046748837091287576,0.03986284155371972,701,0.32989407662755355,0.371679120509541,False,0.00025
27,300,0.02,5000,0.02,6.666666666666667e-05,6.0,575.7259870755034,0.1151451974151007,2000,21027,0.9607534706409103,0.942,-0.008558809993806343,0.008558809993806343,0.018753470640910375,1884,0.9308834016573861,0.9514219285459862,False,0.00025
28,300,0.02,5000,0.05,0.0001666666666666667,6.0,575.7259870755034,0.1151451974151007,2000,21028,0.9998893989430759,0.999,-0.0003863790403913119,0.0003863790403913119,0.0008893989430759364,1998,0.9963610657309615,0.9997257210823479,False,0.00025
29,300,0.02,20000,0.001,3.3333333333333333e-06,6.0,575.7259870755034,0.028786299353775174,2000,21029,0.29541679093324896,0.274,-0.03265591139613694,0.03265591139613694,0.02141679093324894,548,0.25490034657137967,0.2939661587997466,False,0.00025
30,300,0.02,20000,0.005,1.6666666666666667e-05,6.0,575.7259870755034,0.028786299353775174,2000,21030,0.9607534706409103,0.9525,-0.0037459986712440577,0.0037459986712440577,0.00825347064091031,1905,0.9422790928066445,0.9609859794038216,True,0.00025
31,300,0.02,20000,0.02,6.666666666666667e-05,6.0,575.7259870755034,0.028786299353775174,2000,21031,0.9999996913857131,1.0,1.3399600358480302e-07,1.3399600358480302e-07,3.086142869035413e-07,2000,0.9980829527187469,0.9999999999999998,True,0.00025
32,300,0.02,20000,0.05,0.0001666666666666667,6.0,575.7259870755034,0.028786299353775174,2000,21032,1.0000000000000002,1.0,0.0,0.0,0.0,2000,0.9980829527187469,0.9999999999999998,False,0.00025
