N,s,T,mu,N_mu,pfix_diffusion,p0_origin_fixation,p1_exact_wf,e_log,e_abs,target_p0,epsilon
100,0.01,500,0.0006053532875235803,0.060535328752358036,0.022900583670587404,0.5,0.3505442625707512,-0.1542271410156944,0.14945573742924878,0.5,1e-12
100,0.01,1000,0.0003026766437617902,0.030267664376179018,0.022900583670587404,0.5,0.42643212165629274,-0.06912009318449192,0.07356787834370726,0.5,1e-12
100,0.01,2000,0.0001513383218808951,0.015133832188089509,0.022900583670587404,0.5,0.4632742561811095,-0.03313183689585296,0.03672574381889049,0.5,1e-12
100,0.01,5000,6.053532875235804e-05,0.006053532875235804,0.022900583670587404,0.5000000000000001,0.4848519632024482,-0.013360845894894913,0.01514803679755189,0.5,1e-12
100,0.01,10000,3.026766437617902e-05,0.003026766437617902,0.022900583670587404,0.5000000000000001,0.49195337545398315,-0.007046059581974366,0.008046624546016956,0.5,1e-12
100,0.01,20000,1.513383218808951e-05,0.001513383218808951,0.022900583670587404,0.5000000000000001,0.49548671317194337,-0.003937991273495716,0.0045132868280567395,0.5,1e-12
200,0.01,500,0.0003436394730743993,0.06872789461487985,0.0201707671810414,0.5,0.22912240384053176,-0.3389024472774038,0.27087759615946827,0.5,1e-12
200,0.01,1000,0.00017181973653719964,0.03436394730743993,0.0201707671810414,0.5,0.36621649381612376,-0.1352321039876737,0.13378350618387624,0.5,1e-12
200,0.01,2000,8.590986826859982e-05,0.017181973653719963,0.0201707671810414,0.5,0.43526798175712766,-0.060213282635933715,0.06473201824287234,0.5,1e-12
200,0.01,5000,3.436394730743993e-05,0.0068727894614879865,0.0201707671810414,0.5000000000000001,0.4740331257251248,-0.02316131283708325,0.025966874274875318,0.5,1e-12
200,0.01,10000,1.7181973653719966e-05,0.0034363947307439933,0.0201707671810414,0.5000000000000001,0.4864929453630373,-0.011893457392710697,0.013507054636962834,0.5,1e-12
200,0.01,20000,8.590986826859983e-06,0.0017181973653719966,0.0201707671810414,0.5000000000000001,0.4926373844847237,-0.006442638531322794,0.007362615515276394,0.5,1e-12
500,0.01,500,0.00014001399450938636,0.07000699725469318,0.019802225712901224,0.5000000000000001,0.07270390034525562,-0.8374122942561273,0.42729609965474447,0.5,1e-12
500,0.01,1000,7.000699725469318e-05,0.03500349862734659,0.019802225712901224,0.5000000000000001,0.2672111517962633,-0.27211542529778443,0.2327888482037368,0.5,1e-12
500,0.01,2000,3.500349862734659e-05,0.017501749313673296,0.019802225712901224,0.5000000000000001,0.3922747355314092,-0.10537966605743668,0.10772526446859093,0.5,1e-12
500,0.01,5000,1.4001399450938635e-05,0.007000699725469317,0.019802225712901224,0.5,0.4585226131017361,-0.037609245566252926,0.04147738689826391,0.5,1e-12
500,0.01,10000,7.0006997254693176e-06,0.0035003498627346587,0.019802225712901224,0.5,0.4790102770810393,-0.01862517310992344,0.020989722918960674,0.5,1e-12
500,0.01,20000,3.5003498627346588e-06,0.0017501749313673294,0.019802225712901224,0.5,0.4889710891486715,-0.009686822501497388,0.01102891085132851,0.5,1e-12
